{"cameraMode":{"drawMode":0,"name":"Shaded","section":"Shading Mode"},"sceneLighting":false,"audioPlay":false,"sceneViewState":{"m_AlwaysRefresh":false,"showFog":true,"showSkybox":false,"showFlares":true,"showImageEffects":true,"showParticleSystems":true,"showVisualEffectGraphs":true,"m_FxEnabled":true},"in2DMode":false,"pivot":{"x":4.000723838806152,"y":3.7699999809265138,"z":-0.3782188892364502},"rotation":{"x":-0.34552428126335146,"y":0.007598021533340216,"z":-0.002798261120915413,"w":-0.9383741617202759},"size":0.8660253882408142,"orthographic":false}