{"cameraMode":{"drawMode":0,"name":"Shaded","section":"Shading Mode"},"sceneLighting":true,"audioPlay":false,"sceneViewState":{"m_AlwaysRefresh":false,"showFog":true,"showSkybox":true,"showFlares":true,"showImageEffects":true,"showParticleSystems":true,"showVisualEffectGraphs":true,"m_FxEnabled":true},"in2DMode":false,"pivot":{"x":-0.33612558245658877,"y":-7.080681800842285,"z":11.852360725402832},"rotation":{"x":-0.34552428126335146,"y":0.007598021533340216,"z":-0.002798261120915413,"w":-0.9383741617202759},"size":14.458518981933594,"orthographic":false}